1,1,001,Heart transplant or implant of heart assist system w MCC,Transplants,Excluded
2,2,002,Heart transplant or implant of heart assist system w/o MCC,Transplants,Excluded
3,3,003,"ECMO or trach w MV 96+ hrs or PDX exc face, mouth & neck w maj O.R.",Surgery,General
4,4,004,"Trach w MV 96+ hrs or PDX exc face, mouth & neck w/o maj O.R.",Surgery,General
5,5,005,Liver transplant w MCC or intestinal transplant,Transplants,Excluded
6,6,006,Liver transplant w/o MCC,Transplants,Excluded
7,7,007,Lung transplant,Transplants,Excluded
8,8,008,Simultaneous pancreas/kidney transplant,Transplants,Excluded
9,9,009,Bone marrow transplant,Transplants,Excluded
10,10,010,Pancreas transplant,Transplants,Excluded
11,11,011,"Tracheostomy for face,mouth & neck diagnoses w MCC",Surgery,General
12,12,012,"Tracheostomy for face,mouth & neck diagnoses w CC",Surgery,General
13,13,013,"Tracheostomy for face,mouth & neck diagnoses w/o CC/MCC",Surgery,General
14,14,014,Allogenic Bone Marrow Transplant,Oncology,BMT
15,15,015,Autologous Bone Marrow Transplant,Oncology,BMT
16,16,016,Autologous Bone Marrow Transplant w CC/MCC,Oncology,BMT
17,17,017,Autologous Bone Marrow Transplant w/o CC/MCC,Oncology,BMT
20,20,020,Intracranial vascular procedures w PDX hemorrhage w MCC,Surgery,NeuroSurg
21,21,021,Intracranial vascular procedures w PDX hemorrhage w CC,Surgery,NeuroSurg
22,22,022,Intracranial vascular procedures w PDX hemorrhage w/o CC/MCC,Surgery,NeuroSurg
23,23,023,Cranio w major dev impl/acute complex CNS PDX w MCC or chemo implant,Surgery,NeuroSurg
24,24,024,Cranio w major dev impl/acute complex CNS PDX w/o MCC,Surgery,NeuroSurg
25,25,025,Craniotomy & endovascular intracranial procedures w MCC,Surgery,NeuroSurg
26,26,026,Craniotomy & endovascular intracranial procedures w CC,Surgery,NeuroSurg
27,27,027,Craniotomy & endovascular intracranial procedures w/o CC/MCC,Surgery,NeuroSurg
28,28,028,Spinal procedures w MCC,Surgery,Spine
29,29,029,Spinal procedures w CC or spinal neurostimulators,Surgery,Spine
30,30,030,Spinal procedures w/o CC/MCC,Surgery,Spine
31,31,031,Ventricular shunt procedures w MCC,Surgery,NeuroSurg
32,32,032,Ventricular shunt procedures w CC,Surgery,NeuroSurg
33,33,033,Ventricular shunt procedures w/o CC/MCC,Surgery,NeuroSurg
34,34,034,Carotid artery stent procedure w MCC,Surgery,Vascular
35,35,035,Carotid artery stent procedure w CC,Surgery,Vascular
36,36,036,Carotid artery stent procedure w/o CC/MCC,Surgery,Vascular
37,37,037,Extracranial procedures w MCC,Surgery,NeuroSurg
38,38,038,Extracranial procedures w CC,Surgery,NeuroSurg
39,39,039,Extracranial procedures w/o CC/MCC,Surgery,NeuroSurg
40,40,040,Periph & cranial nerve & other nerv syst proc w MCC,Surgery,NeuroSurg
41,41,041,Periph/cranial nerve & other nerv syst proc w CC or periph neurostim,Surgery,NeuroSurg
42,42,042,Periph & cranial nerve & other nerv syst proc w/o CC/MCC,Surgery,NeuroSurg
52,52,052,Spinal disorders & injuries w CC/MCC,Medicine,Orthopedics
53,53,053,Spinal disorders & injuries w/o CC/MCC,Medicine,Orthopedics
54,54,054,Nervous system neoplasms w MCC,Oncology,Neuro
55,55,055,Nervous system neoplasms w/o MCC,Oncology,Neuro
56,56,056,Degenerative nervous system disorders w MCC,Medicine,Neuroscience
57,57,057,Degenerative nervous system disorders w/o MCC,Medicine,Neuroscience
58,58,058,Multiple sclerosis & cerebellar ataxia w MCC,Medicine,Neuroscience
59,59,059,Multiple sclerosis & cerebellar ataxia w CC,Medicine,Neuroscience
60,60,060,Multiple sclerosis & cerebellar ataxia w/o CC/MCC,Medicine,Neuroscience
61,61,061,Acute ischemic stroke w use of thrombolytic agent w MCC,Medicine,Neuroscience
62,62,062,Acute ischemic stroke w use of thrombolytic agent w CC,Medicine,Neuroscience
63,63,063,Acute ischemic stroke w use of thrombolytic agent w/o CC/MCC,Medicine,Neuroscience
64,64,064,Intracranial hemorrhage or cerebral infarction w MCC,Medicine,Neuroscience
65,65,065,Intracranial hemorrhage or cerebral infarction w CC,Medicine,Neuroscience
66,66,066,Intracranial hemorrhage or cerebral infarction w/o CC/MCC,Medicine,Neuroscience
67,67,067,Nonspecific cva & precerebral occlusion w/o infarct w MCC,Medicine,Neuroscience
68,68,068,Nonspecific cva & precerebral occlusion w/o infarct w/o MCC,Medicine,Neuroscience
69,69,069,Transient ischemia,Medicine,Neuroscience
70,70,070,Nonspecific cerebrovascular disorders w MCC,Medicine,Neuroscience
71,71,071,Nonspecific cerebrovascular disorders w CC,Medicine,Neuroscience
72,72,072,Nonspecific cerebrovascular disorders w/o CC/MCC,Medicine,Neuroscience
73,73,073,Cranial & peripheral nerve disorders w MCC,Medicine,Neuroscience
74,74,074,Cranial & peripheral nerve disorders w/o MCC,Medicine,Neuroscience
75,75,075,Viral meningitis w CC/MCC,Medicine,Neuroscience
76,76,076,Viral meningitis w/o CC/MCC,Medicine,Neuroscience
77,77,077,Hypertensive encephalopathy w MCC,Medicine,Neuroscience
78,78,078,Hypertensive encephalopathy w CC,Medicine,Neuroscience
79,79,079,Hypertensive encephalopathy w/o CC/MCC,Medicine,Neuroscience
80,80,080,Nontraumatic stupor & coma w MCC,Medicine,Neuroscience
81,81,081,Nontraumatic stupor & coma w/o MCC,Medicine,Neuroscience
82,82,082,"Traumatic stupor & coma, coma >1 hr w MCC",Medicine,Neuroscience
83,83,083,"Traumatic stupor & coma, coma >1 hr w CC",Medicine,Neuroscience
84,84,084,"Traumatic stupor & coma, coma >1 hr w/o CC/MCC",Medicine,Neuroscience
85,85,085,"Traumatic stupor & coma, coma <1 hr w MCC",Medicine,Neuroscience
86,86,086,"Traumatic stupor & coma, coma <1 hr w CC",Medicine,Neuroscience
87,87,087,"Traumatic stupor & coma, coma <1 hr w/o CC/MCC",Medicine,Neuroscience
88,88,088,Concussion w MCC,Medicine,Neuroscience
89,89,089,Concussion w CC,Medicine,Neuroscience
90,90,090,Concussion w/o CC/MCC,Medicine,Neuroscience
91,91,091,Other disorders of nervous system w MCC,Medicine,Neuroscience
92,92,092,Other disorders of nervous system w CC,Medicine,Neuroscience
93,93,093,Other disorders of nervous system w/o CC/MCC,Medicine,Neuroscience
94,94,094,Bacterial & tuberculous infections of nervous system w MCC,Medicine,Neuroscience
95,95,095,Bacterial & tuberculous infections of nervous system w CC,Medicine,Neuroscience
96,96,096,Bacterial & tuberculous infections of nervous system w/o CC/MCC,Medicine,Neuroscience
97,97,097,Non-bacterial infect of nervous sys exc viral meningitis w MCC,Medicine,Neuroscience
98,98,098,Non-bacterial infect of nervous sys exc viral meningitis w CC,Medicine,Neuroscience
99,99,099,Non-bacterial infect of nervous sys exc viral meningitis w/o CC/MCC,Medicine,Neuroscience
100,100,100,Seizures w MCC,Medicine,Neuroscience
101,101,101,Seizures w/o MCC,Medicine,Neuroscience
102,102,102,Headaches w MCC,Medicine,Neuroscience
103,103,103,Headaches w/o MCC,Medicine,Neuroscience
113,113,113,Orbital procedures w CC/MCC,Surgery,Ophthalmology
114,114,114,Orbital procedures w/o CC/MCC,Surgery,Ophthalmology
115,115,115,Extraocular procedures except orbit,Surgery,Ophthalmology
116,116,116,Intraocular procedures w CC/MCC,Surgery,Ophthalmology
117,117,117,Intraocular procedures w/o CC/MCC,Surgery,Ophthalmology
121,121,121,Acute major eye infections w CC/MCC,Medicine,General
122,122,122,Acute major eye infections w/o CC/MCC,Medicine,General
123,123,123,Neurological eye disorders,Medicine,Neuroscience
124,124,124,"Other disorders of the eye w  MCC ",Medicine,General
125,125,125,"Other disorders of the eye w/o  MCC ",Medicine,General
129,129,129,Major head & neck procedures w CC/MCC or major device,Surgery,ENT
130,130,130,Major head & neck procedures w/o CC/MCC,Surgery,ENT
131,131,131,Cranial/facial procedures w CC/MCC,Surgery,ENT
132,132,132,Cranial/facial procedures w/o CC/MCC,Surgery,ENT
133,133,133,"Other ear, nose, mouth & throat O.R. procedures w CC/MCC",Surgery,ENT
134,134,134,"Other ear, nose, mouth & throat O.R. procedures w/o CC/MCC",Surgery,ENT
135,135,135,Sinus & mastoid procedures w CC/MCC,Surgery,ENT
136,136,136,Sinus & mastoid procedures w/o CC/MCC,Surgery,ENT
137,137,137,Mouth procedures w CC/MCC,Surgery,Dental
138,138,138,Mouth procedures w/o CC/MCC,Surgery,Dental
139,139,139,Salivary gland procedures,Surgery,ENT
146,146,146,"Ear, nose, mouth & throat malignancy w MCC",Oncology,ENT
147,147,147,"Ear, nose, mouth & throat malignancy w CC",Oncology,ENT
148,148,148,"Ear, nose, mouth & throat malignancy w/o CC/MCC",Oncology,ENT
149,149,149,Dysequilibrium,Medicine,Neuroscience
150,150,150,Epistaxis w MCC,Medicine,ENT
151,151,151,Epistaxis w/o MCC,Medicine,ENT
152,152,152,Otitis media & URI w MCC,Medicine,ENT
153,153,153,Otitis media & URI w/o MCC,Medicine,ENT
154,154,154,Nasal trauma & deformity w MCC,Surgery,ENT
155,155,155,Nasal trauma & deformity w CC,Surgery,ENT
156,156,156,Nasal trauma & deformity w/o CC/MCC,Surgery,ENT
157,157,157,Dental & Oral Diseases w MCC,Surgery,Dental
158,158,158,Dental & Oral Diseases w CC,Surgery,Dental
159,159,159,Dental & Oral Diseases w/o CC/MCC,Surgery,Dental
163,163,163,Major chest procedures w MCC,Surgery,Thoracic
164,164,164,Major chest procedures w CC,Surgery,Thoracic
165,165,165,Major chest procedures w/o CC/MCC,Surgery,Thoracic
166,166,166,Other resp system O.R. procedures w MCC,Surgery,Thoracic
167,167,167,Other resp system O.R. procedures w CC,Surgery,Thoracic
168,168,168,Other resp system O.R. procedures w/o CC/MCC,Surgery,Thoracic
175,175,175,Pulmonary embolism w MCC,Medicine,Pulmonary
176,176,176,Pulmonary embolism w/o MCC,Medicine,Pulmonary
177,177,177,Respiratory infections & inflammations w MCC,Medicine,Pulmonary
178,178,178,Respiratory infections & inflammations w CC,Medicine,Pulmonary
179,179,179,Respiratory infections & inflammations w/o CC/MCC,Medicine,Pulmonary
180,180,180,Respiratory neoplasms w MCC,Oncology,Thoracic
181,181,181,Respiratory neoplasms w CC,Oncology,Thoracic
182,182,182,Respiratory neoplasms w/o CC/MCC,Oncology,Thoracic
183,183,183,Major chest trauma w MCC,Surgery,Thoracic
184,184,184,Major chest trauma w CC,Surgery,Thoracic
185,185,185,Major chest trauma w/o CC/MCC,Surgery,Thoracic
186,186,186,Pleural effusion w MCC,Medicine,Pulmonary
187,187,187,Pleural effusion w CC,Medicine,Pulmonary
188,188,188,Pleural effusion w/o CC/MCC,Medicine,Pulmonary
189,189,189,Pulmonary edema & respiratory failure,Medicine,Pulmonary
190,190,190,Chronic obstructive pulmonary disease w MCC,Medicine,Pulmonary
191,191,191,Chronic obstructive pulmonary disease w CC,Medicine,Pulmonary
192,192,192,Chronic obstructive pulmonary disease w/o CC/MCC,Medicine,Pulmonary
193,193,193,Simple pneumonia & pleurisy w MCC,Medicine,Pulmonary
194,194,194,Simple pneumonia & pleurisy w CC,Medicine,Pulmonary
195,195,195,Simple pneumonia & pleurisy w/o CC/MCC,Medicine,Pulmonary
196,196,196,Interstitial lung disease w MCC,Medicine,Pulmonary
197,197,197,Interstitial lung disease w CC,Medicine,Pulmonary
198,198,198,Interstitial lung disease w/o CC/MCC,Medicine,Pulmonary
199,199,199,"Pneumothorax w MCC ",Medicine,Pulmonary
200,200,200,Pneumothorax w CC,Medicine,Pulmonary
201,201,201,"Pneumothorax w/o CC/MCC ",Medicine,Pulmonary
202,202,202,Bronchitis & asthma w CC/MCC,Medicine,Pulmonary
203,203,203,Bronchitis & asthma w/o CC/MCC,Medicine,Pulmonary
204,204,204,Respiratory signs & symptoms,Medicine,Pulmonary
205,205,205,Other respiratory system diagnoses w MCC,Medicine,Pulmonary
206,206,206,Other respiratory system diagnoses w/o MCC,Medicine,Pulmonary
207,207,207,Respiratory system diagnosis w ventilator support 96+ hours,Medicine,Pulmonary
208,208,208,Respiratory system diagnosis w ventilator support <96 hours,Medicine,Pulmonary
215,215,215,Other heart assist system implant,Medicine,Cardiac Surgery
216,216,216,Cardiac valve & oth maj cardiothoracic proc w card cath w MCC,Medicine,Cardiac Surgery
217,217,217,Cardiac valve & oth maj cardiothoracic proc w card cath w CC,Medicine,Cardiac Surgery
218,218,218,Cardiac valve & oth maj cardiothoracic proc w card cath w/o CC/MCC,Medicine,Cardiac Surgery
219,219,219,Cardiac valve & oth maj cardiothoracic proc w/o card cath w MCC,Medicine,Cardiac Surgery
220,220,220,Cardiac valve & oth maj cardiothoracic proc w/o card cath w CC,Medicine,Cardiac Surgery
221,221,221,Cardiac valve & oth maj cardiothoracic proc w/o card cath w/o CC/MCC,Medicine,Cardiac Surgery
222,222,222,Cardiac defib implant w cardiac cath w AMI/HF/shock w MCC,Medicine,Cardiac Surgery
223,223,223,Cardiac defib implant w cardiac cath w AMI/HF/shock w/o MCC,Medicine,Cardiac Surgery
224,224,224,Cardiac defib implant w cardiac cath w/o AMI/HF/shock w MCC,Medicine,Cardiac Surgery
225,225,225,Cardiac defib implant w cardiac cath w/o AMI/HF/shock w/o MCC,Medicine,Cardiac Surgery
226,226,226,Cardiac defibrillator implant w/o cardiac cath w MCC,Medicine,Cardiac Surgery
227,227,227,Cardiac defibrillator implant w/o cardiac cath w/o MCC,Medicine,Cardiac Surgery
228,228,228,Other cardiothoracic procedures w MCC,Medicine,Cardiac Surgery
229,229,229,Other cardiothoracic procedures w CC,Medicine,Cardiac Surgery
230,230,230,Other cardiothoracic procedures w/o CC/MCC,Medicine,Cardiac Surgery
231,231,231,Coronary bypass w PTCA w MCC,Medicine,Cardiac Surgery
232,232,232,Coronary bypass w PTCA w/o MCC,Medicine,Cardiac Surgery
233,233,233,Coronary bypass w cardiac cath w MCC,Medicine,Cardiac Surgery
234,234,234,Coronary bypass w cardiac cath w/o MCC,Medicine,Cardiac Surgery
235,235,235,Coronary bypass w/o cardiac cath w MCC,Medicine,Cardiac Surgery
236,236,236,Coronary bypass w/o cardiac cath w/o MCC,Medicine,Cardiac Surgery
237,237,237,Major cardiovasc procedures w MCC or thoracic aortic anuerysm repair,Surgery,Vascular
238,238,238,Major cardiovascular procedures w/o MCC,Surgery,Vascular
239,239,239,"Amputation for circ sys disorders exc upper limb & toe w MCC ",Surgery,Vascular
240,240,240,Amputation for circ sys disorders exc upper limb & toe w CC,Surgery,Vascular
241,241,241,"Amputation for circ sys disorders exc upper limb & toe w/o CC/MCC ",Surgery,Vascular
242,242,242,Permanent cardiac pacemaker implant w MCC,Medicine,Cardiac Surgery
243,243,243,Permanent cardiac pacemaker implant w CC,Medicine,Cardiac Surgery
244,244,244,Permanent cardiac pacemaker implant w/o CC/MCC,Medicine,Cardiac Surgery
245,245,245,AICD lead & generator procedures,Medicine,Cardiac Surgery
246,246,246,Perc cardiovasc proc w drug-eluting stent w MCC or 4+ vessels/stents,Medicine,Interventional Cardiology
247,247,247,Perc cardiovasc proc w drug-eluting stent w/o MCC,Medicine,Interventional Cardiology
248,248,248,Perc cardiovasc proc w non-drug-eluting stent w MCC or 4+ ves/stents,Medicine,Interventional Cardiology
249,249,249,Perc cardiovasc proc w non-drug-eluting stent w/o MCC,Medicine,Interventional Cardiology
250,250,250,Perc cardiovasc proc w/o coronary artery stent or AMI w MCC,Medicine,Interventional Cardiology
251,251,251,Perc cardiovasc proc w/o coronary artery stent or AMI w/o MCC,Medicine,Interventional Cardiology
252,252,252,Other vascular procedures w MCC,Surgery,Vascular
253,253,253,Other vascular procedures w CC,Surgery,Vascular
254,254,254,Other vascular procedures w/o CC/MCC,Surgery,Vascular
255,255,255,Upper limb & toe amputation for circ system disorders w MCC,Surgery,Vascular
256,256,256,Upper limb & toe amputation for circ system disorders w CC,Surgery,Vascular
257,257,257,Upper limb & toe amputation for circ system disorders w/o CC/MCC,Surgery,Vascular
258,258,258,Cardiac pacemaker device replacement w MCC,Medicine,Cardiac Surgery
259,259,259,Cardiac pacemaker device replacement w/o MCC,Medicine,Cardiac Surgery
260,260,260,Cardiac pacemaker revision except device replacement w MCC,Medicine,Cardiac Surgery
261,261,261,Cardiac pacemaker revision except device replacement w CC,Medicine,Cardiac Surgery
262,262,262,Cardiac pacemaker revision except device replacement w/o CC/MCC,Medicine,Cardiac Surgery
263,263,263,Vein ligation & stripping,Surgery,Vascular
264,264,264,Other circulatory system O.R. procedures,Surgery,Vascular
265,265,265,Aicd Lead Procedures,Medicine,Cardiac Surgery
266,266,266,Endovascular Cardiac Valve Replacement w MCC,Medicine,Cardiac Surgery
267,267,267,Endovascular Cardiac Valve Replacement w/o MCC,Medicine,Cardiac Surgery
268,268,268,Aortic and heart assist procedures except pulsation balloon w MCC,Medicine,Cardiac Surgery
269,269,269,AORTIC AND HEART ASSIST PROCEDURES EXCEPT PULSATION BALLOON W/O MCC,Medicine,Cardiac Surgery
270,270,270,OTHER MAJOR CARDIOVASCULAR PROCEDURES W MCC,Medicine,Cardiac Surgery
271,271,271,OTHER MAJOR CARDIOVASCULAR PROCEDURES W CC,Medicine,Cardiac Surgery
272,272,272,OTHER MAJOR CARDIOVASCULAR PROCEDURES W/O CC/MCC,Medicine,Cardiac Surgery
273,273,273,PERCUTANEOUS INTRACARDIAC PROCEDURES W MCC,Medicine,Interventional Cardiology
274,274,274,PERCUTANEOUS INTRACARDIAC PROCEDURES W/O MCC,Medicine,Interventional Cardiology
280,280,280,"Acute myocardial infarction, discharged alive w MCC",Medicine,Cardiology
281,281,281,"Acute myocardial infarction, discharged alive w CC",Medicine,Cardiology
282,282,282,"Acute myocardia infarction, discharged alive w/o CC/MCC",Medicine,Cardiology
283,283,283,"Acute myocardial infarction, expired w MCC",Medicine,Cardiology
284,284,284,"Acute myocardial infarction, expired w CC",Medicine,Cardiology
285,285,285,"Acute myocardial infarction, expired w/o CC/MCC",Medicine,Cardiology
286,286,286,"Circulatory disorders except AMI, w card cath w MCC",Medicine,Interventional Cardiology
287,287,287,"Circulatory disorders except AMI, w card cath w/o MCC",Medicine,Interventional Cardiology
288,288,288,Acute & subacute endocarditis w MCC,Medicine,Cardiology
289,289,289,Acute & subacute endocarditis w CC,Medicine,Cardiology
290,290,290,Acute & subacute endocarditis w/o CC/MCC,Medicine,Cardiology
291,291,291,Heart failure & shock w MCC,Medicine,Cardiology
292,292,292,Heart failure & shock w CC,Medicine,Cardiology
293,293,293,Heart failure & shock w/o CC/MCC,Medicine,Cardiology
294,294,294,Deep vein thrombophlebitis w CC/MCC,Medicine,Cardiology
295,295,295,Deep vein thrombophlebitis w/o CC/MCC,Medicine,Cardiology
296,296,296,"Cardiac arrest, unexplained w MCC",Medicine,Cardiology
297,297,297,"Cardiac arrest, unexplained w CC",Medicine,Cardiology
298,298,298,"Cardiac arrest, unexplained w/o CC/MCC",Medicine,Cardiology
299,299,299,Peripheral vascular disorders w MCC,Medicine,Cardiology
300,300,300,Peripheral vascular disorders w CC,Medicine,Cardiology
301,301,301,Peripheral vascular disorders w/o CC/MCC,Medicine,Cardiology
302,302,302,Atherosclerosis w MCC,Medicine,Cardiology
303,303,303,Atherosclerosis w/o MCC,Medicine,Cardiology
304,304,304,Hypertension w MCC,Medicine,Cardiology
305,305,305,Hypertension w/o MCC,Medicine,Cardiology
306,306,306,Cardiac congenital & valvular disorders w MCC,Medicine,Cardiology
307,307,307,Cardiac congenital & valvular disorders w/o MCC,Medicine,Cardiology
308,308,308,Cardiac arrhythmia & conduction disorders w MCC,Medicine,Cardiology
309,309,309,Cardiac arrhythmia & conduction disorders w CC,Medicine,Cardiology
310,310,310,Cardiac arrhythmia & conduction disorders w/o CC/MCC,Medicine,Cardiology
311,311,311,Angina pectoris,Medicine,Cardiology
312,312,312,Syncope & collapse,Medicine,Cardiology
313,313,313,Chest pain,Medicine,Cardiology
314,314,314,Other circulatory system diagnoses w MCC,Medicine,Cardiology
315,315,315,Other circulatory system diagnoses w CC,Medicine,Cardiology
316,316,316,Other circulatory system diagnoses w/o CC/MCC,Medicine,Cardiology
326,326,326,"Stomach, esophageal & duodenal proc w MCC",Surgery,Abdominal
327,327,327,"Stomach, esophageal & duodenal proc w CC",Surgery,Abdominal
328,328,328,"Stomach, esophageal & duodenal proc w/o CC/MCC",Surgery,Abdominal
329,329,329,Major small & large bowel procedures w MCC,Surgery,Colon/Rectal
330,330,330,Major small & large bowel procedures w CC,Surgery,Colon/Rectal
331,331,331,Major small & large bowel procedures w/o CC/MCC,Surgery,Colon/Rectal
332,332,332,Rectal resection w MCC,Surgery,Colon/Rectal
333,333,333,Rectal resection w CC,Surgery,Colon/Rectal
334,334,334,Rectal resection w/o CC/MCC,Surgery,Colon/Rectal
335,335,335,Peritoneal adhesiolysis w MCC,Surgery,Abdominal
336,336,336,Peritoneal adhesiolysis w CC,Surgery,Abdominal
337,337,337,Peritoneal adhesiolysis w/o CC/MCC,Surgery,Abdominal
338,338,338,Appendectomy w complicated principal diag w MCC,Surgery,Abdominal
339,339,339,Appendectomy w complicated principal diag w CC,Surgery,Abdominal
340,340,340,Appendectomy w complicated principal diag w/o CC/MCC,Surgery,Abdominal
341,341,341,Appendectomy w/o complicated principal diag w MCC,Surgery,Abdominal
342,342,342,Appendectomy w/o complicated principal diag w CC,Surgery,Abdominal
343,343,343,Appendectomy w/o complicated principal diag w/o CC/MCC,Surgery,Abdominal
344,344,344,Minor small & large bowel procedures w MCC,Surgery,Colon/Rectal
345,345,345,Minor small & large bowel procedures w CC,Surgery,Colon/Rectal
346,346,346,Minor small & large bowel procedures w/o CC/MCC,Surgery,Colon/Rectal
347,347,347,Anal & stomal procedures w MCC,Surgery,Colon/Rectal
348,348,348,Anal & stomal procedures w CC,Surgery,Colon/Rectal
349,349,349,Anal & stomal procedures w/o CC/MCC,Surgery,Colon/Rectal
350,350,350,Inguinal & femoral hernia procedures w MCC,Surgery,Abdominal
351,351,351,Inguinal & femoral hernia procedures w CC,Surgery,Abdominal
352,352,352,Inguinal & femoral hernia procedures w/o CC/MCC,Surgery,Abdominal
353,353,353,Hernia procedures except inguinal & femoral w MCC,Surgery,Abdominal
354,354,354,Hernia procedures except inguinal & femoral w CC,Surgery,Abdominal
355,355,355,Hernia procedures except inguinal & femoral w/o CC/MCC,Surgery,Abdominal
356,356,356,Other digestive system O.R. procedures w MCC,Surgery,Abdominal
357,357,357,Other digestive system O.R. procedures w CC,Surgery,Abdominal
358,358,358,Other digestive system O.R. procedures w/o CC/MCC,Surgery,Abdominal
368,368,368,Major esophageal disorders w MCC,Medicine,Gastroenterology
369,369,369,Major esophageal disorders w CC,Medicine,Gastroenterology
370,370,370,Major esophageal disorders w/o CC/MCC,Medicine,Gastroenterology
371,371,371,Major gastrointestinal disorders & peritoneal infections w MCC,Medicine,Gastroenterology
372,372,372,Major gastrointestinal disorders & peritoneal infections w CC,Medicine,Gastroenterology
373,373,373,Major gastrointestinal disorders & peritoneal infections w/o CC/MCC,Medicine,Gastroenterology
374,374,374,Digestive malignancy w MCC,Oncology,Colon/Rectal
375,375,375,Digestive malignancy w CC,Oncology,Colon/Rectal
376,376,376,Digestive malignancy w/o CC/MCC,Oncology,Colon/Rectal
377,377,377,G.I. hemorrhage w MCC,Medicine,Gastroenterology
378,378,378,G.I. hemorrhage w CC,Medicine,Gastroenterology
379,379,379,G.I. hemorrhage w/o CC/MCC,Medicine,Gastroenterology
380,380,380,Complicated peptic ulcer w MCC,Medicine,Gastroenterology
381,381,381,Complicated peptic ulcer w CC,Medicine,Gastroenterology
382,382,382,Complicated peptic ulcer w/o CC/MCC,Medicine,Gastroenterology
383,383,383,Uncomplicated peptic ulcer w MCC,Medicine,Gastroenterology
384,384,384,Uncomplicated peptic ulcer w/o MCC,Medicine,Gastroenterology
385,385,385,Inflammatory bowel disease w MCC,Medicine,Gastroenterology
386,386,386,Inflammatory bowel disease w CC,Medicine,Gastroenterology
387,387,387,Inflammatory bowel disease w/o CC/MCC,Medicine,Gastroenterology
388,388,388,G.I. obstruction w MCC,Medicine,Gastroenterology
389,389,389,G.I. obstruction w CC,Medicine,Gastroenterology
390,390,390,G.I. obstruction w/o CC/MCC,Medicine,Gastroenterology
391,391,391,"Esophagitis, gastroent & misc digest disorders w MCC",Medicine,Gastroenterology
392,392,392,"Esophagitis, gastroent & misc digest disorders w/o MCC",Medicine,Gastroenterology
393,393,393,Other digestive system diagnoses w MCC,Medicine,Gastroenterology
394,394,394,Other digestive system diagnoses w CC,Medicine,Gastroenterology
395,395,395,Other digestive system diagnoses w/o CC/MCC,Medicine,Gastroenterology
405,405,405,"Pancreas, liver & shunt procedures w MCC",Surgery,Abdominal
406,406,406,"Pancreas, liver & shunt procedures w CC",Surgery,Abdominal
407,407,407,"Pancreas, liver & shunt procedures w/o CC/MCC",Surgery,Abdominal
408,408,408,Biliary tract proc except only cholecyst w or w/o c.d.e. w MCC,Surgery,Abdominal
409,409,409,Biliary tract proc except only cholecyst w or w/o c.d.e. w CC,Surgery,Abdominal
410,410,410,Biliary tract proc except only cholecyst w or w/o c.d.e. w/o CC/MCC,Surgery,Abdominal
411,411,411,Cholecystectomy w c.d.e. w MCC,Surgery,Abdominal
412,412,412,Cholecystectomy w c.d.e. w CC,Surgery,Abdominal
413,413,413,Cholecystectomy w c.d.e. w/o CC/MCC,Surgery,Abdominal
414,414,414,Cholecystectomy except by laparoscope w/o c.d.e. w MCC,Surgery,Abdominal
415,415,415,Cholecystectomy except by laparoscope w/o c.d.e. w CC,Surgery,Abdominal
416,416,416,Cholecystectomy except by laparoscope w/o c.d.e. w/o CC/MCC,Surgery,Abdominal
417,417,417,Laparoscopic cholecystectomy w/o c.d.e. w MCC,Surgery,Abdominal
418,418,418,Laparoscopic cholecystectomy w/o c.d.e. w CC,Surgery,Abdominal
419,419,419,Laparoscopic cholecystectomy w/o c.d.e. w/o CC/MCC,Surgery,Abdominal
420,420,420,Hepatobiliary diagnostic procedures w MCC,Surgery,Abdominal
421,421,421,Hepatobiliary diagnostic procedures w CC,Surgery,Abdominal
422,422,422,Hepatobiliary diagnostic procedures w/o CC/MCC,Surgery,Abdominal
423,423,423,Other hepatobiliary or pancreas O.R. procedures w MCC,Surgery,Abdominal
424,424,424,Other hepatobiliary or pancreas O.R. procedures w CC,Surgery,Abdominal
425,425,425,Other hepatobiliary or pancreas O.R. procedures w/o CC/MCC,Surgery,Abdominal
432,432,432,Cirrhosis & alcoholic hepatitis w MCC,Medicine,Gastroenterology
433,433,433,Cirrhosis & alcoholic hepatitis w CC,Medicine,Gastroenterology
434,434,434,Cirrhosis & alcoholic hepatitis w/o CC/MCC,Medicine,Gastroenterology
435,435,435,Malignancy of hepatobiliary system or pancreas w MCC,Oncology,Colon/Rectal
436,436,436,Malignancy of hepatobiliary system or pancreas w CC,Oncology,Colon/Rectal
437,437,437,Malignancy of hepatobiliary system or pancreas w/o CC/MCC,Oncology,Colon/Rectal
438,438,438,Disorders of pancreas except malignancy w MCC,Medicine,Gastroenterology
439,439,439,Disorders of pancreas except malignancy w CC,Medicine,Gastroenterology
440,440,440,Disorders of pancreas except malignancy w/o CC/MCC,Medicine,Gastroenterology
441,441,441,"Disorders of liver except malig,cirr,alc hepa w MCC",Medicine,Gastroenterology
442,442,442,"Disorders of liver except malig,cirr,alc hepa w CC",Medicine,Gastroenterology
443,443,443,"Disorders of liver except malig,cirr,alc hepa w/o CC/MCC",Medicine,Gastroenterology
444,444,444,Disorders of the biliary tract w MCC,Medicine,Gastroenterology
445,445,445,Disorders of the biliary tract w CC,Medicine,Gastroenterology
446,446,446,Disorders of the biliary tract w/o CC/MCC,Medicine,Gastroenterology
453,453,453,Combined anterior/posterior spinal fusion w MCC,Surgery,Spine
454,454,454,Combined anterior/posterior spinal fusion w CC,Surgery,Spine
455,455,455,Combined anterior/posterior spinal fusion w/o CC/MCC,Surgery,Spine
456,456,456,Spinal fus exc cerv w spinal curv/malig/infec or 9+ fus w MCC,Surgery,Spine
457,457,457,Spinal fus exc cerv w spinal curv/malig/infec or 9+ fus w CC,Surgery,Spine
458,458,458,Spinal fus exc cerv w spinal curv/malig/infec or 9+ fus w/o CC/MCC,Surgery,Spine
459,459,459,Spinal fusion except cervical w MCC,Surgery,Spine
460,460,460,Spinal fusion except cervical w/o MCC,Surgery,Spine
461,461,461,"Bilateral or multiple major joint procs of lower extremity w MCC ",Surgery,Joints
462,462,462,"Bilateral or multiple major joint procs of lower extremity w/o MCC ",Surgery,Joints
463,463,463,"Wnd debrid & skn grft exc hand, for musculo-conn tiss dis w MCC",Surgery,General
464,464,464,"Wnd debrid & skn grft exc hand, for musculo-conn tiss dis w CC",Surgery,General
465,465,465,"Wnd debrid & skn grft exc hand, for musculo-conn tiss dis w/o CC/MCC",Surgery,General
466,466,466,Revision of hip or knee replacement w MCC,Surgery,Joints
467,467,467,Revision of hip or knee replacement w CC,Surgery,Joints
468,468,468,Revision of hip or knee replacement w/o CC/MCC,Surgery,Joints
469,469,469,Major joint replacement or reattachment of lower extremity w MCC,Surgery,Joints
470,470,470,Major joint replacement or reattachment of lower extremity w/o MCC,Surgery,Joints
471,471,471,Cervical spinal fusion w MCC,Surgery,Spine
472,472,472,Cervical spinal fusion w CC,Surgery,Spine
473,473,473,Cervical spinal fusion w/o CC/MCC,Surgery,Spine
474,474,474,Amputation for musculoskeletal sys & conn tissue dis w MCC,Surgery,Orthopedics
475,475,475,Amputation for musculoskeletal sys & conn tissue dis w CC,Surgery,Orthopedics
476,476,476,Amputation for musculoskeletal sys & conn tissue dis w/o CC/MCC,Surgery,Orthopedics
477,477,477,Biopsies of musculoskeletal system & connective tissue w MCC,Surgery,General
478,478,478,Biopsies of musculoskeletal system & connective tissue w CC,Surgery,General
479,479,479,Biopsies of musculoskeletal system & connective tissue w/o CC/MCC,Surgery,General
480,480,480,Hip & femur procedures except major joint w MCC,Surgery,Orthopedics
481,481,481,Hip & femur procedures except major joint w CC,Surgery,Orthopedics
482,482,482,Hip & femur procedures except major joint w/o CC/MCC,Surgery,Orthopedics
483,483,483,Major joint & limb reattachment proc of upper extremity w CC/MCC,Surgery,Orthopedics
484,484,484,Major joint & limb reattachment proc of upper extremity w/o CC/MCC,Surgery,Orthopedics
485,485,485,Knee procedures w pdx of infection w MCC,Surgery,Orthopedics
486,486,486,Knee procedures w pdx of infection w CC,Surgery,Orthopedics
487,487,487,Knee procedures w pdx of infection w/o CC/MCC,Surgery,Orthopedics
488,488,488,Knee procedures w/o pdx of infection w CC/MCC,Surgery,Orthopedics
489,489,489,Knee procedures w/o pdx of infection w/o CC/MCC,Surgery,Orthopedics
490,490,490,Back & neck proc exc spinal fusion w CC/MCC or disc device/neurostim,Surgery,Spine
491,491,491,Back & neck proc exc spinal fusion w/o CC/MCC,Surgery,Spine
492,492,492,"Lower extrem & humer proc except hip,foot,femur w MCC",Surgery,Orthopedics
493,493,493,"Lower extrem & humer proc except hip,foot,femur w CC",Surgery,Orthopedics
494,494,494,"Lower extrem & humer proc except hip,foot,femur w/o CC/MCC",Surgery,Orthopedics
495,495,495,Local excision & removal int fix devices exc hip & femur w MCC,Surgery,Orthopedics
496,496,496,Local excision & removal int fix devices exc hip & femur w CC,Surgery,Orthopedics
497,497,497,Local excision & removal int fix devices exc hip & femur w/o CC/MCC,Surgery,Orthopedics
498,498,498,Local excision & removal int fix devices of hip & femur w CC/MCC,Surgery,Orthopedics
499,499,499,Local excision & removal int fix devices of hip & femur w/o CC/MCC,Surgery,Orthopedics
500,500,500,Soft tissue procedures w MCC,Surgery,Orthopedics
501,501,501,Soft tissue procedures w CC,Surgery,Orthopedics
502,502,502,Soft tissue procedures w/o CC/MCC,Surgery,Orthopedics
503,503,503,Foot procedures w MCC,Surgery,Orthopedics
504,504,504,Foot procedures w CC,Surgery,Orthopedics
505,505,505,Foot procedures w/o CC/MCC,Surgery,Orthopedics
506,506,506,Major thumb or joint procedures,Surgery,Orthopedics
507,507,507,Major shoulder or elbow joint procedures w CC/MCC,Surgery,Orthopedics
508,508,508,Major shoulder or elbow joint procedures w/o CC/MCC,Surgery,Orthopedics
509,509,509,Arthroscopy,Surgery,Orthopedics
510,510,510,"Shoulder,elbow or forearm proc,exc major joint proc w MCC",Surgery,Orthopedics
511,511,511,"Shoulder,elbow or forearm proc,exc major joint proc w CC",Surgery,Orthopedics
512,512,512,"Shoulder,elbow or forearm proc,exc major joint proc w/o CC/MCC",Surgery,Orthopedics
513,513,513,"Hand or wrist proc, except major thumb or joint proc w CC/MCC",Surgery,Orthopedics
514,514,514,"Hand or wrist proc, except major thumb or joint proc w/o CC/MCC",Surgery,Orthopedics
515,515,515,Other musculoskelet sys & conn tiss O.R. proc w MCC,Surgery,Orthopedics
516,516,516,Other musculoskelet sys & conn tiss O.R. proc w CC,Surgery,Orthopedics
517,517,517,Other musculoskelet sys & conn tiss O.R. proc w/o CC/MCC,Surgery,Orthopedics
518,518,518,BACK & NECK PROC EXC SPINAL FUSION W MCC OR DISC DEVICE/NEUROSTIM,Surgery,Spine
519,519,519,BACK & NECK PROC EXC SPINAL FUSION W CC,Surgery,Spine
520,520,520,BACK & NECK PROC EXC SPINAL FUSION W/O CC/MCC,Surgery,Spine
533,533,533,Fractures of femur w MCC,Surgery,Orthopedics
534,534,534,Fractures of femur w/o MCC,Surgery,Orthopedics
535,535,535,Fractures of hip & pelvis w MCC,Surgery,Orthopedics
536,536,536,Fractures of hip & pelvis w/o MCC,Surgery,Orthopedics
537,537,537,"Sprains, strains, & dislocations of hip, pelvis & thigh w CC/MCC",Surgery,Orthopedics
538,538,538,"Sprains, strains, & dislocations of hip, pelvis & thigh w/o CC/MCC",Surgery,Orthopedics
539,539,539,Osteomyelitis w MCC,Medicine,Orthopedics
540,540,540,Osteomyelitis w CC,Medicine,Orthopedics
541,541,541,Osteomyelitis w/o CC/MCC,Medicine,Orthopedics
542,542,542,Pathological fractures & musculoskelet & conn tiss malig w MCC,Oncology,Muscoskeletal
543,543,543,Pathological fractures & musculoskelet & conn tiss malig w CC,Oncology,Muscoskeletal
544,544,544,Pathological fractures & musculoskelet & conn tiss malig w/o CC/MCC,Oncology,Muscoskeletal
545,545,545,Connective tissue disorders w MCC,Medicine,Orthopedics
546,546,546,Connective tissue disorders w CC,Medicine,Orthopedics
547,547,547,Connective tissue disorders w/o CC/MCC,Medicine,Orthopedics
548,548,548,Septic arthritis w MCC,Medicine,Orthopedics
549,549,549,Septic arthritis w CC,Medicine,Orthopedics
550,550,550,Septic arthritis w/o CC/MCC,Medicine,Orthopedics
551,551,551,Medical back problems w MCC,Medicine,General
552,552,552,Medical back problems w/o MCC,Medicine,General
553,553,553,Bone diseases & arthropathies w MCC,Surgery,Orthopedics
554,554,554,Bone diseases & arthropathies w/o MCC,Surgery,Orthopedics
555,555,555,Signs & symptoms of musculoskeletal system & conn tissue w MCC,Surgery,Orthopedics
556,556,556,Signs & symptoms of musculoskeletal system & conn tissue w/o MCC,Surgery,Orthopedics
557,557,557,"Tendonitis, myositis & bursitis w MCC",Medicine,Orthopedics
558,558,558,"Tendonitis, myositis & bursitis w/o MCC",Medicine,Orthopedics
559,559,559,"Aftercare, musculoskeletal system & connective tissue w MCC",Surgery,Orthopedics
560,560,560,"Aftercare, musculoskeletal system & connective tissue w CC",Surgery,Orthopedics
561,561,561,"Aftercare, musculoskeletal system & connective tissue w/o CC/MCC",Surgery,Orthopedics
562,562,562,"Fx, sprn, strn & disl except femur, hip, pelvis & thigh w MCC",Medicine,Orthopedics
563,563,563,"Fx, sprn, strn & disl except femur, hip, pelvis & thigh w/o MCC",Medicine,Orthopedics
564,564,564,Other musculoskeletal sys & connective tissue diagnoses w MCC,Medicine,Orthopedics
565,565,565,Other musculoskeletal sys & connective tissue diagnoses w CC,Medicine,Orthopedics
566,566,566,Other musculoskeletal sys & connective tissue diagnoses w/o CC/MCC,Medicine,Orthopedics
570,570,570,Skin debridement w/ MCC,Surgery,General
571,571,571,Skin debridement w/ CC,Surgery,General
572,572,572,Skin debridement w/o CC/MCC,Surgery,General
573,573,573,Skin graft &/or debrid for skn ulcer or cellulitis w MCC,Surgery,Plastic
574,574,574,Skin graft &/or debrid for skn ulcer or cellulitis w CC,Surgery,Plastic
575,575,575,Skin graft &/or debrid for skn ulcer or cellulitis w/o CC/MCC,Surgery,Plastic
576,576,576,Skin graft &/or debrid exc for skin ulcer or cellulitis w MCC,Surgery,Plastic
577,577,577,Skin graft &/or debrid exc for skin ulcer or cellulitis w CC,Surgery,Plastic
578,578,578,Skin graft &/or debrid exc for skin ulcer or cellulitis w/o CC/MCC,Surgery,Plastic
579,579,579,"Other skin, subcut tiss & breast proc w MCC",Surgery,General
580,580,580,"Other skin, subcut tiss & breast proc w CC",Surgery,General
581,581,581,"Other skin, subcut tiss & breast proc w/o CC/MCC",Surgery,General
582,582,582,Mastectomy for malignancy w CC/MCC,Oncology,Breast
583,583,583,Mastectomy for malignancy w/o CC/MCC,Oncology,Breast
584,584,584,"Breast biopsy, local excision & other breast procedures w CC/MCC",Oncology,Breast
585,585,585,"Breast biopsy, local excision & other breast procedures w/o CC/MCC",Oncology,Breast
592,592,592,Skin ulcers w MCC,Surgery,Plastic
593,593,593,Skin ulcers w CC,Surgery,Plastic
594,594,594,Skin ulcers w/o CC/MCC,Surgery,Plastic
595,595,595,Major skin disorders w MCC,Medicine,General
596,596,596,Major skin disorders w/o MCC,Medicine,General
597,597,597,Malignant breast disorders w MCC,Oncology,Breast
598,598,598,Malignant breast disorders w CC,Oncology,Breast
599,599,599,Malignant breast disorders w/o CC/MCC,Oncology,Breast
600,600,600,Non-malignant breast disorders w CC/MCC,Medicine,General
601,601,601,Non-malignant breast disorders w/o CC/MCC,Medicine,General
602,602,602,Cellulitis w MCC,Medicine,General
603,603,603,Cellulitis w/o MCC,Medicine,General
604,604,604,"Trauma to the skin, subcut tiss & breast w MCC",Surgery,General
605,605,605,"Trauma to the skin, subcut tiss & breast w/o MCC",Surgery,General
606,606,606,Minor skin disorders w MCC,Medicine,General
607,607,607,Minor skin disorders w/o MCC,Medicine,General
614,614,614,Adrenal & pituitary procedures w CC/MCC,Surgery,General
615,615,615,Adrenal & pituitary procedures w/o CC/MCC,Surgery,General
616,616,616,"Amputat of lower limb for endocrine,nutrit,& metabol dis w MCC",Surgery,Vascular
617,617,617,"Amputat of lower limb for endocrine,nutrit,& metabol dis w CC",Surgery,Vascular
618,618,618,"Amputat of lower limb for endocrine,nutrit,& metabol dis w/o CC/MCC",Surgery,Vascular
619,619,619,O.R. procedures for obesity w MCC,Surgery,Bariatric
620,620,620,O.R. procedures for obesity w CC,Surgery,Bariatric
621,621,621,O.R. procedures for obesity w/o CC/MCC,Surgery,Bariatric
622,622,622,"Skin grafts & wound debrid for endoc, nutrit & metab dis w MCC",Surgery,Plastic
623,623,623,"Skin grafts & wound debrid for endoc, nutrit & metab dis w CC",Surgery,Plastic
624,624,624,"Skin grafts & wound debrid for endoc, nutrit & metab dis w/o CC/MCC",Surgery,Plastic
625,625,625,"Thyroid, parathyroid & thyroglossal procedures w MCC",Surgery,General
626,626,626,"Thyroid, parathyroid & thyroglossal procedures w CC",Surgery,General
627,627,627,"Thyroid, parathyroid & thyroglossal procedures w/o CC/MCC",Surgery,General
628,628,628,"Other endocrine, nutrit & metab O.R. proc w MCC",Surgery,General
629,629,629,"Other endocrine, nutrit & metab O.R. proc w CC",Surgery,General
630,630,630,"Other endocrine, nutrit & metab O.R. proc w/o CC/MCC",Surgery,General
637,637,637,Diabetes w MCC,Medicine,Endocrine/Metabolic
638,638,638,Diabetes w CC,Medicine,Endocrine/Metabolic
639,639,639,Diabetes w/o CC/MCC,Medicine,Endocrine/Metabolic
640,640,640,Nutritional & misc metabolic disorders w MCC,Medicine,Endocrine/Metabolic
641,641,641,Nutritional & misc metabolic disorders w/o MCC,Medicine,Endocrine/Metabolic
642,642,642,Inborn errors of metabolism,Medicine,Endocrine/Metabolic
643,643,643,Endocrine disorders w MCC,Medicine,Endocrine/Metabolic
644,644,644,Endocrine disorders w CC,Medicine,Endocrine/Metabolic
645,645,645,Endocrine disorders w/o CC/MCC,Medicine,Endocrine/Metabolic
652,652,652,Kidney transplant,Transplants,Excluded
653,653,653,Major bladder procedures w MCC,Surgery,Urology
654,654,654,Major bladder procedures w CC,Surgery,Urology
655,655,655,"Major bladder procedures w/o CC/MCC  ",Surgery,Urology
656,656,656,Kidney & ureter procedures for neoplasm w MCC,Oncology,Urology
657,657,657,Kidney & ureter procedures forneoplasm w CC,Oncology,Urology
658,658,658,Kidney & ureter procedures for neoplasm w/o CC/MCC,Oncology,Urology
659,659,659,Kidney & ureter procedures for non-neoplasm w MCC,Surgery,Urology
660,660,660,Kidney & ureter procedures for non-neoplasm w CC,Surgery,Urology
661,661,661,Kidney & ureter procedures for non-neoplasm w/o CC/MCC,Surgery,Urology
662,662,662,Minor bladder procedures w MCC,Surgery,Urology
663,663,663,Minor bladder procedures w CC,Surgery,Urology
664,664,664,Minor bladder procedures w/o CC/MCC,Surgery,Urology
665,665,665,Prostatectomy w MCC,Surgery,Urology
666,666,666,Prostatectomy w CC,Surgery,Urology
667,667,667,Prostatectomy w/o CC/MCC,Surgery,Urology
668,668,668,Transurethral procedures w MCC,Surgery,Urology
669,669,669,Transurethral procedures w CC,Surgery,Urology
670,670,670,Transurethral procedures w/o CC/MCC,Surgery,Urology
671,671,671,Urethral procedures w CC/MCC,Surgery,Urology
672,672,672,Urethral procedures w/o CC/MCC,Surgery,Urology
673,673,673,Other kidney & urinary tract procedures w MCC,Surgery,Urology
674,674,674,Other kidney & urinary tract procedures w CC,Surgery,Urology
675,675,675,Other kidney & urinary tract procedures w/o CC/MCC,Surgery,Urology
682,682,682,Renal failure w MCC,Medicine,Renal
683,683,683,Renal failure w CC,Medicine,Renal
684,684,684,Renal failure w/o CC/MCC,Medicine,Renal
685,685,685,Admit for renal dialysis,Medicine,Renal
686,686,686,Kidney & urinary tract neoplasms w MCC,Oncology,Urology
687,687,687,Kidney & urinary tract neoplasms w CC,Oncology,Urology
688,688,688,Kidney & urinary tract neoplasms w/o CC/MCC,Oncology,Urology
689,689,689,Kidney & urinary tract infections w MCC,Medicine,Renal
690,690,690,Kidney & urinary tract infections w/o MCC,Medicine,Renal
691,691,691,Urinary stones w esw lithotripsy w CC/MCC,Medicine,Renal
692,692,692,Urinary stones w esw lithotripsy w/o CC/MCC,Medicine,Renal
693,693,693,Urinary stones w/o esw lithotripsy w MCC,Medicine,Renal
694,694,694,Urinary stones w/o esw lithotripsy w/o MCC,Medicine,Renal
695,695,695,Kidney & urinary tract signs & symptoms w MCC,Medicine,Renal
696,696,696,Kidney & urinary tract signs & symptoms w/o MCC,Medicine,Renal
697,697,697,Urethral stricture,Surgery,Urology
698,698,698,Other kidney & urinary tract diagnoses w MCC,Medicine,Renal
699,699,699,Other kidney & urinary tract diagnoses w CC,Medicine,Renal
700,700,700,Other kidney & urinary tract diagnoses w/o CC/MCC,Medicine,Renal
707,707,707,Major male pelvic procedures w CC/MCC,Surgery,Urology
708,708,708,Major male pelvic procedures w/o CC/MCC,Surgery,Urology
709,709,709,Penis procedures w CC/MCC,Surgery,Urology
710,710,710,Penis procedures w/o CC/MCC,Surgery,Urology
711,711,711,Testes procedures w CC/MCC,Surgery,Urology
712,712,712,Testes procedures w/o CC/MCC,Surgery,Urology
713,713,713,Transurethral prostatectomy w CC/MCC,Surgery,Urology
714,714,714,Transurethral prostatectomy w/o CC/MCC,Surgery,Urology
715,715,715,Other male reproductive system O.R. proc for malignancy w CC/MCC,Oncology,Urology
716,716,716,Other male reproductive system O.R. proc for malignancy w/o CC/MCC,Oncology,Urology
717,717,717,Other male reproductive system O.R. proc exc malignancy w CC/MCC,Surgery,Urology
718,718,718,Other male reproductive system O.R. proc exc malignancy w/o CC/MCC,Surgery,Urology
722,722,722,"Malignancy, male reproductive system w MCC",Oncology,Urology
723,723,723,"Malignancy, male reproductive system w CC",Oncology,Urology
724,724,724,"Malignancy, male reproductive system w/o CC/MCC",Oncology,Urology
725,725,725,Benign prostatic hypertrophy w MCC,Surgery,Urology
726,726,726,Benign prostatic hypertrophy w/o MCC,Surgery,Urology
727,727,727,Inflammation of the male reproductive system w MCC,Surgery,Urology
728,728,728,Inflammation of the male reproductive system w/o MCC,Surgery,Urology
729,729,729,Other male reproductive system diagnoses w CC/MCC,Surgery,Urology
730,730,730,Other male reproductive system diagnoses w/o CC/MCC,Surgery,Urology
734,734,734,"Pelvic evisceration, rad hysterectomy & rad vulvectomy w CC/MCC",Women's & Children's,Gyn
735,735,735,"Pelvic evisceration, rad hysterectomy & rad vulvectomy w/o CC/MCC",Women's & Children's,Gyn
736,736,736,Uterine & adnexa proc for ovarian or adnexal malignancy w MCC,Women's & Children's,Gyn
737,737,737,Uterine & adnexa proc for ovarian or adnexal malignancy w CC,Women's & Children's,Gyn
738,738,738,Uterine & adnexa proc for ovarian or adnexal malignancy w/o CC/MCC,Women's & Children's,Gyn
739,739,739,"Uterine,adnexa proc for non-ovarian/adnexal malig w MCC",Women's & Children's,Gyn
740,740,740,"Uterine,adnexa proc for non-ovarian/adnexal malig w CC",Women's & Children's,Gyn
741,741,741,"Uterine,adnexa proc for non-ovarian/adnexal malig w/o CC/MCC",Women's & Children's,Gyn
742,742,742,Uterine & adnexa proc for non-malignancy w CC/MCC,Women's & Children's,Gyn
743,743,743,Uterine & adnexa proc for non-malignancy w/o CC/MCC,Women's & Children's,Gyn
744,744,744,"D&C, conization, laparoscopy & tubal interruption w CC/MCC",Women's & Children's,Gyn
745,745,745,"D&C, conization, laparoscopy & tubal interruption w/o CC/MCC",Women's & Children's,Gyn
746,746,746,"Vagina, cervix & vulva procedures w CC/MCC",Women's & Children's,Gyn
747,747,747,"Vagina, cervix & vulva procedures w/o CC/MCC",Women's & Children's,Gyn
748,748,748,Female reproductive system reconstructive procedures,Women's & Children's,Gyn
749,749,749,Other female reproductive system O.R. procedures w CC/MCC,Women's & Children's,Gyn
750,750,750,Other female reproductive system O.R. procedures w/o CC/MCC,Women's & Children's,Gyn
754,754,754,"Malignancy, female reproductive system w MCC",Oncology,Gyn
755,755,755,"Malignancy, female reproductive system w CC",Oncology,Gyn
756,756,756,"Malignancy, female reproductive system w/o CC/MCC",Oncology,Gyn
757,757,757,"Infections, female reproductive system w MCC",Women's & Children's,Gyn
758,758,758,"Infections, female reproductive system w CC",Women's & Children's,Gyn
759,759,759,"Infections, female reproductive system w/o CC/MCC",Women's & Children's,Gyn
760,760,760,Menstrual & other female reproductive system disorders w CC/MCC,Women's & Children's,Gyn
761,761,761,Menstrual & other female reproductive system disorders w/o CC/MCC,Women's & Children's,Gyn
765,765,765,Cesarean section w CC/MCC,Women's & Children's,Deliveries
766,766,766,Cesarean section w/o CC/MCC,Women's & Children's,Deliveries
767,767,767,Vaginal delivery w sterilization &/or D&C,Women's & Children's,Deliveries
768,768,768,Vaginal delivery w O.R. proc except steril &/or D&C,Women's & Children's,Deliveries
769,769,769,Postpartum & post abortion diagnoses w O.R. procedure,Women's & Children's,Other OB
770,770,770,"Abortion w D&C, aspiration curettage or hysterotomy",Women's & Children's,Other OB
774,774,774,Vaginal delivery w complicating diagnoses,Women's & Children's,Deliveries
775,775,775,Vaginal delivery w/o complicating diagnoses,Women's & Children's,Deliveries
776,776,776,Postpartum & post abortion diagnoses w/o O.R. procedure,Women's & Children's,Other OB
777,777,777,Ectopic pregnancy,Women's & Children's,Other OB
778,778,778,Threatened abortion,Women's & Children's,Other OB
779,779,779,Abortion w/o D&C,Women's & Children's,Other OB
780,780,780,False labor,Women's & Children's,Other OB
781,781,781,Other antepartum diagnoses w medical complications,Women's & Children's,Other OB
782,782,782,Other antepartum diagnoses w/o medical complications,Women's & Children's,Other OB
789,789,789,"Neonates, died or transferred to another acute care facility",Women's & Children's,Newborns
790,790,790,"Extreme immaturity or respiratory distress syndrome, neonate",Women's & Children's,Newborns
791,791,791,Prematurity w major problems,Women's & Children's,Newborns
792,792,792,Prematurity w/o major problems,Women's & Children's,Newborns
793,793,793,Full term neonate w major problems,Women's & Children's,Newborns
794,794,794,Neonate w other significant problems,Women's & Children's,Newborns
795,795,795,Normal newborn,Women's & Children's,Newborns
799,799,799,Splenectomy w MCC,Surgery,Abdominal
800,800,800,Splenectomy w CC,Surgery,Abdominal
801,801,801,Splenectomy w/o CC/MCC,Surgery,Abdominal
802,802,802,Other O.R. proc of the blood & blood forming organs w MCC,Surgery,Abdominal
803,803,803,Other O.R. proc of the blood & blood forming organs w CC,Surgery,Abdominal
804,804,804,Other O.R. proc of the blood & blood forming organs w/o CC/MCC,Surgery,Abdominal
808,808,808,Major hematol/immun diag exc sickle cell crisis & coagul w MCC,Medicine,General
809,809,809,Major hematol/immun diag exc sickle cell crisis & coagul w CC,Medicine,General
810,810,810,Major hematol/immun diag exc sickle cell crisis & coagul w/o CC/MCC,Medicine,General
811,811,811,Red blood cell disorders w MCC,Oncology,Hematology
812,812,812,Red blood cell disorders w/o MCC,Oncology,Hematology
813,813,813,Coagulation disorders,Oncology,Hematology
814,814,814,Reticuloendothelial & immunity disorders w MCC,Oncology,Hematology
815,815,815,Reticuloendothelial & immunity disorders w CC,Oncology,Hematology
816,816,816,Reticuloendothelial & immunity disorders w/o CC/MCC,Oncology,Hematology
820,820,820,Lymphoma & leukemia w major O.R. procedure w MCC,Oncology,Hematology
821,821,821,Lymphoma & leukemia w major O.R. procedure w CC,Oncology,Hematology
822,822,822,Lymphoma & leukemia w major O.R. procedure w/o CC/MCC,Oncology,Hematology
823,823,823,Lymphoma & non-acute leukemia w other O.R. proc w MCC,Oncology,Hematology
824,824,824,Lymphoma & non-acute leukemia w other O.R. proc w CC,Oncology,Hematology
825,825,825,Lymphoma & non-acute leukemia w other O.R. proc w/o CC/MCC,Oncology,Hematology
826,826,826,Myeloprolif disord or poorly diff neopl w maj O.R. proc w MCC,Oncology,Hematology
827,827,827,Myeloprolif disord or poorly diff neopl w maj O.R. proc w CC,Oncology,Hematology
828,828,828,Myeloprolif disord or poorly diff neopl w maj O.R. proc w/o CC/MCC,Oncology,Hematology
829,829,829,Myeloprolif disord or poorly diff neopl w other O.R. proc w CC/MCC,Oncology,Hematology
830,830,830,Myeloprolif disord or poorly diff neopl w other O.R. proc w/o CC/MCC,Oncology,Hematology
834,834,834,Acute leukemia w/o major O.R. procedure w MCC,Oncology,Hematology
835,835,835,Acute leukemia w/o major O.R. procedure w CC,Oncology,Hematology
836,836,836,Acute leukemia w/o major O.R. procedure w/o CC/MCC,Oncology,Hematology
837,837,837,Chemo w acute leukemia as sdx or w high dose chemo agent w MCC,Oncology,Chemotherapy
838,838,838,Chemo w acute leukemia as sdx w CC or high dose chemo agent,Oncology,Chemotherapy
839,839,839,Chemo w acute leukemia as sdx w/o CC/MCC,Oncology,Chemotherapy
840,840,840,Lymphoma & non-acute leukemia w MCC,Oncology,Hematology
841,841,841,Lymphoma & non-acute leukemia w CC,Oncology,Hematology
842,842,842,Lymphoma & non-acute leukemia w/o CC/MCC,Oncology,Hematology
843,843,843,Other myeloprolif dis or poorly diff neopl diag w MCC,Oncology,Hematology
844,844,844,Other myeloprolif dis or poorly diff neopl diag w CC,Oncology,Hematology
845,845,845,Other myeloprolif dis or poorly diff neopl diag w/o CC/MCC,Oncology,Hematology
846,846,846,Chemotherapy w/o acute leukemia as secondary diagnosis w MCC,Oncology,Chemotherapy
847,847,847,Chemotherapy w/o acute leukemia as secondary diagnosis w CC,Oncology,Chemotherapy
848,848,848,Chemotherapy w/o acute leukemia as secondary diagnosis w/o CC/MCC,Oncology,Chemotherapy
849,849,849,Radiotherapy,Oncology,Radiation
853,853,853,Infectious & parasitic diseases w O.R. procedure w MCC,Surgery,General
854,854,854,Infectious & parasitic diseases w O.R. procedure w CC,Surgery,General
855,855,855,Infectious & parasitic diseases w O.R. procedure w/o CC/MCC,Surgery,General
856,856,856,Postoperative or post-traumatic infections w O.R. proc w MCC,Surgery,General
857,857,857,Postoperative or post-traumatic infections w O.R. proc w CC,Surgery,General
858,858,858,Postoperative or post-traumatic infections w O.R. proc w/o CC/MCC,Surgery,General
862,862,862,Postoperative & post-traumatic infections w MCC,Medicine,Infectious Diseases
863,863,863,Postoperative & post-traumatic infections w/o MCC,Medicine,Infectious Diseases
864,864,864,Fever of unknown origin,Medicine,Infectious Diseases
865,865,865,Viral illness w MCC,Medicine,Infectious Diseases
866,866,866,Viral illness w/o MCC,Medicine,Infectious Diseases
867,867,867,Other infectious & parasitic diseases diagnoses w MCC,Medicine,Infectious Diseases
868,868,868,Other infectious & parasitic diseases diagnoses w CC,Medicine,Infectious Diseases
869,869,869,Other infectious & parasitic diseases diagnoses w/o CC/MCC,Medicine,Infectious Diseases
870,870,870,Septicemia w MV 96+ hours,Medicine,Infectious Diseases
871,871,871,Septicemia w/o MV 96+ hours w MCC,Medicine,Infectious Diseases
872,872,872,Septicemia w/o MV 96+ hours w/o MCC,Medicine,Infectious Diseases
876,876,876,O.R. procedure w principal diagnoses of mental illness,Surgery,General
880,880,880,Acute adjustment reaction & psychosocial dysfunction,Medicine,Psych
881,881,881,Depressive neuroses,Medicine,Psych
882,882,882,Neuroses except depressive,Medicine,Psych
883,883,883,Disorders of personality & impulse control,Medicine,Psych
884,884,884,Organic disturbances & mental retardation,Medicine,Psych
885,885,885,Psychoses,Medicine,Psych
886,886,886,Behavioral & developmental disorders,Medicine,Psych
887,887,887,Other mental disorder diagnoses,Medicine,Psych
894,894,894,"Alcohol/drug abuse or dependence, left ama",Medicine,Alcohol/Chemical Dependence
895,895,895,Alcohol/drug abuse or dependence w rehabilitation therapy,Medicine,Alcohol/Chemical Dependence
896,896,896,Alcohol/drug abuse or dependence w/o rehabilitation therapy w MCC,Medicine,Alcohol/Chemical Dependence
897,897,897,Alcohol/drug abuse or dependence w/o rehabilitation therapy w/o MCC,Medicine,Alcohol/Chemical Dependence
901,901,901,Wound debridements for injuries w MCC,Surgery,General
902,902,902,Wound debridements for injuries w CC,Surgery,General
903,903,903,Wound debridements for injuries w/o CC/MCC,Surgery,General
904,904,904,Skin grafts for injuries w CC/MCC,Surgery,Plastic
905,905,905,Skin grafts for injuries w/o CC/MCC,Surgery,Plastic
906,906,906,Hand procedures for injuries,Surgery,Orthopedics
907,907,907,Other O.R. procedures for injuries w MCC,Surgery,General
908,908,908,Other O.R. procedures for injuries w CC,Surgery,General
909,909,909,Other O.R. procedures for injuries w/o CC/MCC,Surgery,General
913,913,913,Traumatic injury w MCC,Surgery,General
914,914,914,Traumatic injury w/o MCC,Surgery,General
915,915,915,Allergic reactions w MCC,Medicine,General
916,916,916,Allergic reactions w/o MCC,Medicine,General
917,917,917,Poisoning & toxic effects of drugs w MCC,Medicine,General
918,918,918,Poisoning & toxic effects of drugs w/o MCC,Medicine,General
919,919,919,Complications of treatment w MCC,Medicine,General
920,920,920,Complications of treatment w CC,Medicine,General
921,921,921,Complications of treatment w/o CC/MCC,Medicine,General
922,922,922,"Other injury, poisoning & toxic effect diag w MCC",Medicine,General
923,923,923,"Other injury, poisoning & toxic effect diag w/o MCC",Medicine,General
927,927,927,Extensive burns or full thickness burns w MV 96+ hrs w skin graft,Surgery,General
928,928,928,Full thickness burn w skin graft or inhal inj w CC/MCC,Surgery,General
929,929,929,Full thickness burn w skin graft or inhal inj w/o CC/MCC,Surgery,General
933,933,933,Extensive burns or full thickness burns w MV 96+ hrs w/o skin graft,Medicine,General
934,934,934,Full thickness burn w/o skin grft or inhal inj,Medicine,General
935,935,935,Non-extensive burns,Medicine,General
939,939,939,O.R. proc w diagnoses of other contact w health services w MCC,Surgery,General
940,940,940,O.R. proc w diagnoses of other contact w health services w CC,Surgery,General
941,941,941,O.R. proc w diagnoses of other contact w health services w/o CC/MCC,Surgery,General
945,945,945,Rehabilitation w CC/MCC,Medicine,Rehab
946,946,946,Rehabilitation w/o CC/MCC,Medicine,Rehab
947,947,947,Signs & symptoms w MCC,Medicine,General
948,948,948,Signs & symptoms w/o MCC,Medicine,General
949,949,949,Aftercare w CC/MCC,Oncology,Aftercare
950,950,950,Aftercare w/o CC/MCC,Oncology,Aftercare
951,951,951,Other factors influencing health status,Medicine,General
955,955,955,Craniotomy for multiple significant trauma,Surgery,NeuroSurg
956,956,956,"Limb reattachment, hip & femur proc for multiple significant trauma",Surgery,Orthopedics
957,957,957,Other O.R. procedures for multiple significant trauma w MCC,Surgery,General
958,958,958,Other O.R. procedures for multiple significant trauma w CC,Surgery,General
959,959,959,Other O.R. procedures for multiple significant trauma w/o CC/MCC,Surgery,General
963,963,963,Other multiple significant trauma w MCC,Surgery,General
964,964,964,Other multiple significant trauma w CC,Surgery,General
965,965,965,Other multiple significant trauma w/o CC/MCC,Surgery,General
969,969,969,HIV w extensive O.R. procedure w MCC,Medicine,Infectious Diseases
970,970,970,HIV w extensive O.R. procedure w/o MCC,Medicine,Infectious Diseases
974,974,974,HIV w major related condition w MCC,Medicine,Infectious Diseases
975,975,975,HIV w major related condition w CC,Medicine,Infectious Diseases
976,976,976,HIV w major related condition w/o CC/MCC,Medicine,Infectious Diseases
977,977,977,HIV w or w/o other related condition,Medicine,Infectious Diseases
981,981,981,Extensive O.R. procedure unrelated to principal diagnosis w MCC,Surgery,General
982,982,982,Extensive O.R. procedure unrelated to principal diagnosis w CC,Surgery,General
983,983,983,Extensive O.R. procedure unrelated to principal diagnosis w/o CC/MCC,Surgery,General
984,984,984,Prostatic O.R. procedure unrelated to principal diagnosis w MCC,Surgery,Urology
985,985,985,Prostatic O.R. procedure unrelated to principal diagnosis w CC,Surgery,Urology
986,986,986,Prostatic O.R. procedure unrelated to principal diagnosis w/o CC/MCC,Surgery,Urology
987,987,987,Non-extensive O.R. proc unrelated to principal diagnosis w MCC,Surgery,General
988,988,988,Non-extensive O.R. proc unrelated to principal diagnosis w CC,Surgery,General
989,989,989,Non-extensive O.R. proc unrelated to principal diagnosis w/o CC/MCC,Surgery,General
998,998,998,Principal diagnosis invalid as discharge diagnosis,Medicine,General
999,999,999,Ungroupable,Medicine,General
